id,game-code,game-date,game-time
game_0021900001,20191022/NOPTOR,2019-10-22,8:00 pm ET
game_0021900002,20191022/LALLAC,2019-10-22,10:30 pm ET
game_0021900003,20191023/CHICHA,2019-10-23,7:00 pm ET
game_0021900004,20191023/DETIND,2019-10-23,7:00 pm ET
game_0021900005,20191023/CLEORL,2019-10-23,7:00 pm ET
game_0021900006,20191023/MINBKN,2019-10-23,7:30 pm ET
game_0021900007,20191023/MEMMIA,2019-10-23,7:30 pm ET
game_0021900008,20191023/BOSPHI,2019-10-23,7:30 pm ET
game_0021900009,20191023/WASDAL,2019-10-23,8:30 pm ET
game_0021900010,20191023/NYKSAS,2019-10-23,8:30 pm ET
game_0021900011,20191023/OKCUTA,2019-10-23,9:00 pm ET
game_0021900012,20191023/SACPHX,2019-10-23,10:00 pm ET
game_0021900013,20191023/DENPOR,2019-10-23,10:00 pm ET
game_0021900014,20191024/ATLDET,2019-10-24,7:00 pm ET
game_0021900015,20191024/MILHOU,2019-10-24,8:00 pm ET
game_0021900016,20191024/LACGSW,2019-10-24,10:30 pm ET
game_0021900017,20191025/TORBOS,2019-10-25,7:00 pm ET
game_0021900018,20191025/MINCHA,2019-10-25,7:00 pm ET
game_0021900019,20191025/NYKBKN,2019-10-25,7:30 pm ET
game_0021900020,20191025/CHIMEM,2019-10-25,8:00 pm ET
game_0021900021,20191025/DALNOP,2019-10-25,8:00 pm ET
game_0021900022,20191025/WASOKC,2019-10-25,8:00 pm ET
game_0021900023,20191025/PHXDEN,2019-10-25,9:00 pm ET
game_0021900024,20191025/PORSAC,2019-10-25,10:00 pm ET
game_0021900025,20191025/UTALAL,2019-10-25,10:30 pm ET
game_0021900026,20191026/MIAMIL,2019-10-26,5:00 pm ET
game_0021900027,20191026/PHIDET,2019-10-26,7:00 pm ET
game_0021900028,20191026/ORLATL,2019-10-26,7:30 pm ET
game_0021900029,20191026/BOSNYK,2019-10-26,7:30 pm ET
game_0021900030,20191026/INDCLE,2019-10-26,8:00 pm ET
game_0021900031,20191026/TORCHI,2019-10-26,8:00 pm ET
game_0021900032,20191026/NOPHOU,2019-10-26,8:00 pm ET
game_0021900033,20191026/WASSAS,2019-10-26,8:30 pm ET
game_0021900034,20191026/SACUTA,2019-10-26,9:00 pm ET
game_0021900035,20191026/LACPHX,2019-10-26,10:00 pm ET
game_0021900036,20191027/GSWOKC,2019-10-27,3:30 pm ET
game_0021900037,20191027/BKNMEM,2019-10-27,6:00 pm ET
game_0021900038,20191027/PORDAL,2019-10-27,7:00 pm ET
game_0021900039,20191027/MIAMIN,2019-10-27,7:00 pm ET
game_0021900040,20191027/CHALAL,2019-10-27,9:30 pm ET
game_0021900041,20191028/INDDET,2019-10-28,7:00 pm ET
game_0021900042,20191028/CHINYK,2019-10-28,7:00 pm ET
game_0021900043,20191028/PHIATL,2019-10-28,7:30 pm ET
game_0021900044,20191028/ORLTOR,2019-10-28,7:30 pm ET
game_0021900045,20191028/OKCHOU,2019-10-28,8:00 pm ET
game_0021900046,20191028/CLEMIL,2019-10-28,8:00 pm ET
game_0021900047,20191028/GSWNOP,2019-10-28,8:00 pm ET
game_0021900048,20191028/PORSAS,2019-10-28,8:30 pm ET
game_0021900049,20191028/UTAPHX,2019-10-28,10:00 pm ET
game_0021900050,20191028/DENSAC,2019-10-28,10:00 pm ET
game_0021900051,20191028/CHALAC,2019-10-28,10:30 pm ET
game_0021900052,20191029/ATLMIA,2019-10-29,7:30 pm ET
game_0021900053,20191029/DALDEN,2019-10-29,9:00 pm ET
game_0021900054,20191029/MEMLAL,2019-10-29,10:30 pm ET
game_0021900055,20191030/CHICLE,2019-10-30,7:00 pm ET
game_0021900056,20191030/NYKORL,2019-10-30,7:00 pm ET
game_0021900057,20191030/MINPHI,2019-10-30,7:00 pm ET
game_0021900058,20191030/MILBOS,2019-10-30,7:30 pm ET
game_0021900059,20191030/INDBKN,2019-10-30,7:30 pm ET
game_0021900060,20191030/DETTOR,2019-10-30,7:30 pm ET
game_0021900061,20191030/HOUWAS,2019-10-30,8:00 pm ET
game_0021900062,20191030/POROKC,2019-10-30,8:00 pm ET
game_0021900063,20191030/LACUTA,2019-10-30,10:00 pm ET
game_0021900064,20191030/CHASAC,2019-10-30,10:00 pm ET
game_0021900065,20191030/PHXGSW,2019-10-30,10:30 pm ET
game_0021900066,20191031/MIAATL,2019-10-31,7:00 pm ET
game_0021900067,20191031/DENNOP,2019-10-31,9:30 pm ET
game_0021900068,20191031/SASLAC,2019-10-31,10:30 pm ET
game_0021900069,20191101/HOUBKN,2019-11-01,7:00 pm ET
game_0021900070,20191101/CLEIND,2019-11-01,7:00 pm ET
game_0021900071,20191101/MILORL,2019-11-01,7:00 pm ET
game_0021900072,20191101/NYKBOS,2019-11-01,7:30 pm ET
game_0021900073,20191101/DETCHI,2019-11-01,8:00 pm ET
game_0021900074,20191101/LALDAL,2019-11-01,9:30 pm ET
game_0021900075,20191101/UTASAC,2019-11-01,10:00 pm ET
game_0021900076,20191101/SASGSW,2019-11-01,10:30 pm ET
game_0021900077,20191102/NOPOKC,2019-11-02,5:00 pm ET
game_0021900078,20191102/BKNDET,2019-11-02,7:00 pm ET
game_0021900079,20191102/DENORL,2019-11-02,7:00 pm ET
game_0021900080,20191102/MINWAS,2019-11-02,8:00 pm ET
game_0021900081,20191102/PHXMEM,2019-11-02,8:00 pm ET
game_0021900082,20191102/TORMIL,2019-11-02,8:00 pm ET
game_0021900083,20191102/CHAGSW,2019-11-02,8:30 pm ET
game_0021900084,20191102/PHIPOR,2019-11-02,10:00 pm ET
game_0021900085,20191103/CHIIND,2019-11-03,5:00 pm ET
game_0021900086,20191103/HOUMIA,2019-11-03,6:00 pm ET
game_0021900087,20191103/SACNYK,2019-11-03,6:00 pm ET
game_0021900088,20191103/LALSAS,2019-11-03,7:00 pm ET
game_0021900089,20191103/DALCLE,2019-11-03,7:30 pm ET
game_0021900090,20191103/UTALAC,2019-11-03,9:00 pm ET
game_0021900091,20191104/DETWAS,2019-11-04,7:00 pm ET
game_0021900092,20191104/NOPBKN,2019-11-04,7:30 pm ET
game_0021900093,20191104/HOUMEM,2019-11-04,8:00 pm ET
game_0021900094,20191104/MILMIN,2019-11-04,8:00 pm ET
game_0021900095,20191104/PHIPHX,2019-11-04,9:00 pm ET
game_0021900096,20191104/PORGSW,2019-11-04,10:30 pm ET
game_0021900097,20191105/INDCHA,2019-11-05,7:00 pm ET
game_0021900098,20191105/BOSCLE,2019-11-05,7:00 pm ET
game_0021900099,20191105/SASATL,2019-11-05,7:30 pm ET
game_0021900100,20191105/LALCHI,2019-11-05,8:00 pm ET
game_0021900101,20191105/ORLOKC,2019-11-05,8:00 pm ET
game_0021900102,20191105/MIADEN,2019-11-05,9:00 pm ET
game_0021900103,20191106/NYKDET,2019-11-06,7:00 pm ET
game_0021900104,20191106/WASIND,2019-11-06,7:00 pm ET
game_0021900105,20191106/CHIATL,2019-11-06,7:30 pm ET
game_0021900106,20191106/SACTOR,2019-11-06,7:30 pm ET
game_0021900107,20191106/GSWHOU,2019-11-06,7:30 pm ET
game_0021900108,20191106/MINMEM,2019-11-06,8:00 pm ET
game_0021900109,20191106/ORLDAL,2019-11-06,8:30 pm ET
game_0021900110,20191106/PHIUTA,2019-11-06,9:00 pm ET
game_0021900111,20191106/MILLAC,2019-11-06,10:00 pm ET
game_0021900112,20191107/BOSCHA,2019-11-07,8:00 pm ET
game_0021900113,20191107/OKCSAS,2019-11-07,8:30 pm ET
game_0021900114,20191107/MIAPHX,2019-11-07,9:00 pm ET
game_0021900115,20191107/PORLAC,2019-11-07,10:30 pm ET
game_0021900116,20191108/DETIND,2019-11-08,7:00 pm ET
game_0021900117,20191108/MEMORL,2019-11-08,7:00 pm ET
game_0021900118,20191108/CLEWAS,2019-11-08,7:00 pm ET
game_0021900119,20191108/SACATL,2019-11-08,7:30 pm ET
game_0021900120,20191108/GSWMIN,2019-11-08,8:00 pm ET
game_0021900121,20191108/TORNOP,2019-11-08,8:00 pm ET
game_0021900122,20191108/NYKDAL,2019-11-08,8:30 pm ET
game_0021900123,20191108/PHIDEN,2019-11-08,9:00 pm ET
game_0021900124,20191108/MILUTA,2019-11-08,9:00 pm ET
game_0021900125,20191108/BKNPOR,2019-11-08,10:00 pm ET
game_0021900126,20191108/MIALAL,2019-11-08,10:30 pm ET
game_0021900127,20191109/BOSSAS,2019-11-09,5:00 pm ET
game_0021900128,20191109/NOPCHA,2019-11-09,7:00 pm ET
game_0021900129,20191109/HOUCHI,2019-11-09,8:00 pm ET
game_0021900130,20191109/DALMEM,2019-11-09,8:00 pm ET
game_0021900131,20191109/GSWOKC,2019-11-09,8:00 pm ET
game_0021900132,20191110/DENMIN,2019-11-10,3:30 pm ET
game_0021900133,20191110/INDORL,2019-11-10,6:00 pm ET
game_0021900134,20191110/CHAPHI,2019-11-10,6:00 pm ET
game_0021900135,20191110/MILOKC,2019-11-10,7:00 pm ET
game_0021900136,20191110/CLENYK,2019-11-10,7:30 pm ET
game_0021900137,20191110/BKNPHX,2019-11-10,8:00 pm ET
game_0021900138,20191110/ATLPOR,2019-11-10,9:00 pm ET
game_0021900139,20191110/TORLAL,2019-11-10,9:30 pm ET
game_0021900140,20191111/MINDET,2019-11-11,7:00 pm ET
game_0021900141,20191111/DALBOS,2019-11-11,7:30 pm ET
game_0021900142,20191111/HOUNOP,2019-11-11,8:00 pm ET
game_0021900143,20191111/MEMSAS,2019-11-11,8:30 pm ET
game_0021900144,20191111/UTAGSW,2019-11-11,10:30 pm ET
game_0021900145,20191111/TORLAC,2019-11-11,10:30 pm ET
game_0021900146,20191112/OKCIND,2019-11-12,7:00 pm ET
game_0021900147,20191112/CLEPHI,2019-11-12,7:00 pm ET
game_0021900148,20191112/DETMIA,2019-11-12,7:30 pm ET
game_0021900149,20191112/NYKCHI,2019-11-12,8:00 pm ET
game_0021900150,20191112/ATLDEN,2019-11-12,9:00 pm ET
game_0021900151,20191112/LALPHX,2019-11-12,9:00 pm ET
game_0021900152,20191112/BKNUTA,2019-11-12,9:00 pm ET
game_0021900153,20191112/PORSAC,2019-11-12,10:00 pm ET
game_0021900154,20191113/MEMCHA,2019-11-13,7:00 pm ET
game_0021900155,20191113/PHIORL,2019-11-13,7:00 pm ET
game_0021900156,20191113/WASBOS,2019-11-13,7:30 pm ET
game_0021900157,20191113/LACHOU,2019-11-13,7:30 pm ET
game_0021900158,20191113/SASMIN,2019-11-13,8:00 pm ET
game_0021900159,20191113/GSWLAL,2019-11-13,10:00 pm ET
game_0021900160,20191113/TORPOR,2019-11-13,10:00 pm ET
game_0021900161,20191114/MIACLE,2019-11-14,6:00 pm ET
game_0021900162,20191114/DALNYK,2019-11-14,8:00 pm ET
game_0021900163,20191114/CHIMIL,2019-11-14,8:00 pm ET
game_0021900164,20191114/LACNOP,2019-11-14,8:00 pm ET
game_0021900165,20191114/ATLPHX,2019-11-14,9:00 pm ET
game_0021900166,20191114/BKNDEN,2019-11-14,10:30 pm ET
game_0021900167,20191115/DETCHA,2019-11-15,7:00 pm ET
game_0021900168,20191115/SASORL,2019-11-15,7:00 pm ET
game_0021900169,20191115/INDHOU,2019-11-15,8:00 pm ET
game_0021900170,20191115/UTAMEM,2019-11-15,8:00 pm ET
game_0021900171,20191115/WASMIN,2019-11-15,8:00 pm ET
game_0021900172,20191115/PHIOKC,2019-11-15,8:00 pm ET
game_0021900173,20191115/BOSGSW,2019-11-15,10:30 pm ET
game_0021900174,20191115/SACLAL,2019-11-15,10:30 pm ET
game_0021900175,20191116/BKNCHI,2019-11-16,6:00 pm ET
game_0021900176,20191116/MILIND,2019-11-16,7:00 pm ET
game_0021900177,20191116/CHANYK,2019-11-16,7:30 pm ET
game_0021900178,20191116/NOPMIA,2019-11-16,8:00 pm ET
game_0021900179,20191116/HOUMIN,2019-11-16,8:00 pm ET
game_0021900180,20191116/TORDAL,2019-11-16,8:30 pm ET
game_0021900181,20191116/PORSAS,2019-11-16,8:30 pm ET
game_0021900182,20191116/ATLLAC,2019-11-16,10:30 pm ET
game_0021900183,20191117/PHICLE,2019-11-17,3:00 pm ET
game_0021900184,20191117/BOSSAC,2019-11-17,3:30 pm ET
game_0021900185,20191117/WASORL,2019-11-17,6:00 pm ET
game_0021900186,20191117/DENMEM,2019-11-17,6:00 pm ET
game_0021900187,20191117/GSWNOP,2019-11-17,7:00 pm ET
game_0021900188,20191117/ATLLAL,2019-11-17,9:30 pm ET
game_0021900189,20191118/CLENYK,2019-11-18,7:00 pm ET
game_0021900190,20191118/INDBKN,2019-11-18,7:30 pm ET
game_0021900191,20191118/CHATOR,2019-11-18,7:30 pm ET
game_0021900192,20191118/MILCHI,2019-11-18,8:00 pm ET
game_0021900193,20191118/PORHOU,2019-11-18,8:00 pm ET
game_0021900194,20191118/SASDAL,2019-11-18,8:30 pm ET
game_0021900195,20191118/BOSPHX,2019-11-18,9:00 pm ET
game_0021900196,20191118/MINUTA,2019-11-18,9:00 pm ET
game_0021900197,20191118/OKCLAC,2019-11-18,10:30 pm ET
game_0021900198,20191119/GSWMEM,2019-11-19,8:00 pm ET
game_0021900199,20191119/PORNOP,2019-11-19,8:00 pm ET
game_0021900200,20191119/PHXSAC,2019-11-19,10:00 pm ET
game_0021900201,20191119/OKCLAL,2019-11-19,10:30 pm ET
game_0021900202,20191120/NYKPHI,2019-11-20,7:00 pm ET
game_0021900203,20191120/SASWAS,2019-11-20,7:00 pm ET
game_0021900204,20191120/MILATL,2019-11-20,7:30 pm ET
game_0021900205,20191120/CHABKN,2019-11-20,7:30 pm ET
game_0021900206,20191120/CLEMIA,2019-11-20,7:30 pm ET
game_0021900207,20191120/ORLTOR,2019-11-20,7:30 pm ET
game_0021900208,20191120/GSWDAL,2019-11-20,7:30 pm ET
game_0021900209,20191120/DETCHI,2019-11-20,8:00 pm ET
game_0021900210,20191120/UTAMIN,2019-11-20,8:00 pm ET
game_0021900211,20191120/HOUDEN,2019-11-20,9:00 pm ET
game_0021900212,20191120/BOSLAC,2019-11-20,10:00 pm ET
game_0021900213,20191121/PORMIL,2019-11-21,8:00 pm ET
game_0021900214,20191121/NOPPHX,2019-11-21,10:30 pm ET
game_0021900215,20191122/ATLDET,2019-11-22,7:00 pm ET
game_0021900216,20191122/CHAWAS,2019-11-22,7:00 pm ET
game_0021900217,20191122/SACBKN,2019-11-22,7:30 pm ET
game_0021900218,20191122/SASPHI,2019-11-22,8:00 pm ET
game_0021900219,20191122/MIACHI,2019-11-22,8:00 pm ET
game_0021900220,20191122/LALOKC,2019-11-22,8:00 pm ET
game_0021900221,20191122/CLEDAL,2019-11-22,8:30 pm ET
game_0021900222,20191122/BOSDEN,2019-11-22,9:00 pm ET
game_0021900223,20191122/GSWUTA,2019-11-22,9:00 pm ET
game_0021900224,20191122/HOULAC,2019-11-22,10:30 pm ET
game_0021900225,20191123/PHXMIN,2019-11-23,5:00 pm ET
game_0021900226,20191123/CHICHA,2019-11-23,7:00 pm ET
game_0021900227,20191123/ORLIND,2019-11-23,7:00 pm ET
game_0021900228,20191123/TORATL,2019-11-23,7:30 pm ET
game_0021900229,20191123/SASNYK,2019-11-23,7:30 pm ET
game_0021900230,20191123/MIAPHI,2019-11-23,7:30 pm ET
game_0021900231,20191123/PORCLE,2019-11-23,8:00 pm ET
game_0021900232,20191123/LALMEM,2019-11-23,8:00 pm ET
game_0021900233,20191123/DETMIL,2019-11-23,8:30 pm ET
game_0021900234,20191123/NOPUTA,2019-11-23,9:00 pm ET
game_0021900235,20191124/DALHOU,2019-11-24,3:30 pm ET
game_0021900236,20191124/BKNNYK,2019-11-24,6:00 pm ET
game_0021900237,20191124/SACWAS,2019-11-24,6:00 pm ET
game_0021900238,20191124/PHXDEN,2019-11-24,8:00 pm ET
game_0021900239,20191124/NOPLAC,2019-11-24,9:00 pm ET
game_0021900240,20191125/BKNCLE,2019-11-25,7:00 pm ET
game_0021900241,20191125/ORLDET,2019-11-25,7:00 pm ET
game_0021900242,20191125/MEMIND,2019-11-25,7:00 pm ET
game_0021900243,20191125/MINATL,2019-11-25,7:30 pm ET
game_0021900244,20191125/SACBOS,2019-11-25,7:30 pm ET
game_0021900245,20191125/CHAMIA,2019-11-25,7:30 pm ET
game_0021900246,20191125/PHITOR,2019-11-25,7:30 pm ET
game_0021900247,20191125/PORCHI,2019-11-25,8:00 pm ET
game_0021900248,20191125/UTAMIL,2019-11-25,8:00 pm ET
game_0021900249,20191125/LALSAS,2019-11-25,8:30 pm ET
game_0021900250,20191125/OKCGSW,2019-11-25,10:30 pm ET
game_0021900251,20191126/LACDAL,2019-11-26,8:30 pm ET
game_0021900252,20191126/WASDEN,2019-11-26,9:00 pm ET
game_0021900253,20191127/BKNBOS,2019-11-27,7:00 pm ET
game_0021900254,20191127/DETCHA,2019-11-27,7:00 pm ET
game_0021900255,20191127/ORLCLE,2019-11-27,7:00 pm ET
game_0021900256,20191127/UTAIND,2019-11-27,7:00 pm ET
game_0021900257,20191127/SACPHI,2019-11-27,7:00 pm ET
game_0021900258,20191127/NYKTOR,2019-11-27,7:30 pm ET
game_0021900259,20191127/MIAHOU,2019-11-27,8:00 pm ET
game_0021900260,20191127/LACMEM,2019-11-27,8:00 pm ET
game_0021900261,20191127/ATLMIL,2019-11-27,8:00 pm ET
game_0021900262,20191127/MINSAS,2019-11-27,8:30 pm ET
game_0021900263,20191127/WASPHX,2019-11-27,9:00 pm ET
game_0021900264,20191127/LALNOP,2019-11-27,9:30 pm ET
game_0021900265,20191127/OKCPOR,2019-11-27,10:00 pm ET
game_0021900266,20191127/CHIGSW,2019-11-27,10:30 pm ET
game_0021900267,20191129/BOSBKN,2019-11-29,12:00 pm ET
game_0021900268,20191129/CHADET,2019-11-29,7:00 pm ET
game_0021900269,20191129/TORORL,2019-11-29,7:00 pm ET
game_0021900270,20191129/MILCLE,2019-11-29,7:30 pm ET
game_0021900271,20191129/PHINYK,2019-11-29,7:30 pm ET
game_0021900272,20191129/ATLIND,2019-11-29,8:00 pm ET
game_0021900273,20191129/GSWMIA,2019-11-29,8:00 pm ET
game_0021900274,20191129/UTAMEM,2019-11-29,8:00 pm ET
game_0021900275,20191129/NOPOKC,2019-11-29,8:00 pm ET
game_0021900276,20191129/LACSAS,2019-11-29,8:30 pm ET
game_0021900277,20191129/DALPHX,2019-11-29,9:00 pm ET
game_0021900278,20191129/CHIPOR,2019-11-29,10:00 pm ET
game_0021900279,20191129/WASLAL,2019-11-29,10:30 pm ET
game_0021900280,20191130/DENSAC,2019-11-30,5:00 pm ET
game_0021900281,20191130/INDPHI,2019-11-30,7:00 pm ET
game_0021900282,20191130/ATLHOU,2019-11-30,8:00 pm ET
game_0021900283,20191130/CHAMIL,2019-11-30,8:00 pm ET
game_0021900284,20191201/MIABKN,2019-12-01,3:00 pm ET
game_0021900285,20191201/BOSNYK,2019-12-01,3:30 pm ET
game_0021900286,20191201/MEMMIN,2019-12-01,3:30 pm ET
game_0021900287,20191201/DALLAL,2019-12-01,4:00 pm ET
game_0021900288,20191201/SASDET,2019-12-01,5:00 pm ET
game_0021900289,20191201/OKCNOP,2019-12-01,5:00 pm ET
game_0021900290,20191201/GSWORL,2019-12-01,6:00 pm ET
game_0021900291,20191201/UTATOR,2019-12-01,6:00 pm ET
game_0021900292,20191201/WASLAC,2019-12-01,10:30 pm ET
game_0021900293,20191202/PHXCHA,2019-12-02,7:00 pm ET
game_0021900294,20191202/UTAPHI,2019-12-02,7:00 pm ET
game_0021900295,20191202/GSWATL,2019-12-02,7:30 pm ET
game_0021900296,20191202/INDMEM,2019-12-02,8:00 pm ET
game_0021900297,20191202/NYKMIL,2019-12-02,8:00 pm ET
game_0021900298,20191202/CHISAC,2019-12-02,10:00 pm ET
game_0021900299,20191203/DETCLE,2019-12-03,7:00 pm ET
game_0021900300,20191203/ORLWAS,2019-12-03,7:00 pm ET
game_0021900301,20191203/MIATOR,2019-12-03,7:30 pm ET
game_0021900302,20191203/DALNOP,2019-12-03,7:30 pm ET
game_0021900303,20191203/HOUSAS,2019-12-03,8:30 pm ET
game_0021900304,20191203/LALDEN,2019-12-03,9:00 pm ET
game_0021900305,20191203/PORLAC,2019-12-03,10:00 pm ET
game_0021900306,20191204/GSWCHA,2019-12-04,7:00 pm ET
game_0021900307,20191204/MILDET,2019-12-04,7:00 pm ET
game_0021900308,20191204/PHXORL,2019-12-04,7:00 pm ET
game_0021900309,20191204/BKNATL,2019-12-04,7:30 pm ET
game_0021900310,20191204/MIABOS,2019-12-04,7:30 pm ET
game_0021900311,20191204/MEMCHI,2019-12-04,8:00 pm ET
game_0021900312,20191204/INDOKC,2019-12-04,8:00 pm ET
game_0021900313,20191204/MINDAL,2019-12-04,8:30 pm ET
game_0021900314,20191204/LALUTA,2019-12-04,9:00 pm ET
game_0021900315,20191204/SACPOR,2019-12-04,10:00 pm ET
game_0021900316,20191205/PHIWAS,2019-12-05,7:00 pm ET
game_0021900317,20191205/DENNYK,2019-12-05,7:30 pm ET
game_0021900318,20191205/HOUTOR,2019-12-05,7:30 pm ET
game_0021900319,20191205/PHXNOP,2019-12-05,8:00 pm ET
game_0021900320,20191206/BKNCHA,2019-12-06,7:00 pm ET
game_0021900321,20191206/ORLCLE,2019-12-06,7:00 pm ET
game_0021900322,20191206/INDDET,2019-12-06,7:00 pm ET
game_0021900323,20191206/DENBOS,2019-12-06,8:00 pm ET
game_0021900324,20191206/WASMIA,2019-12-06,8:00 pm ET
game_0021900325,20191206/GSWCHI,2019-12-06,8:00 pm ET
game_0021900326,20191206/MINOKC,2019-12-06,8:00 pm ET
game_0021900327,20191206/LACMIL,2019-12-06,8:30 pm ET
game_0021900328,20191206/SACSAS,2019-12-06,8:30 pm ET
game_0021900329,20191206/LALPOR,2019-12-06,10:30 pm ET
game_0021900330,20191207/NOPDAL,2019-12-07,2:00 pm ET
game_0021900331,20191207/INDNYK,2019-12-07,7:30 pm ET
game_0021900332,20191207/CLEPHI,2019-12-07,7:30 pm ET
game_0021900333,20191207/PHXHOU,2019-12-07,8:00 pm ET
game_0021900334,20191207/MEMUTA,2019-12-07,10:00 pm ET
game_0021900335,20191208/DENBKN,2019-12-08,3:00 pm ET
game_0021900336,20191208/ATLCHA,2019-12-08,5:00 pm ET
game_0021900337,20191208/CHIMIA,2019-12-08,6:00 pm ET
game_0021900338,20191208/TORPHI,2019-12-08,6:00 pm ET
game_0021900339,20191208/LACWAS,2019-12-08,6:00 pm ET
game_0021900340,20191208/SACDAL,2019-12-08,7:00 pm ET
game_0021900341,20191208/OKCPOR,2019-12-08,9:00 pm ET
game_0021900342,20191208/MINLAL,2019-12-08,9:30 pm ET
game_0021900343,20191209/LACIND,2019-12-09,7:00 pm ET
game_0021900344,20191209/CLEBOS,2019-12-09,7:30 pm ET
game_0021900345,20191209/TORCHI,2019-12-09,8:00 pm ET
game_0021900346,20191209/SACHOU,2019-12-09,8:00 pm ET
game_0021900347,20191209/ORLMIL,2019-12-09,8:00 pm ET
game_0021900348,20191209/DETNOP,2019-12-09,8:00 pm ET
game_0021900349,20191209/MINPHX,2019-12-09,9:00 pm ET
game_0021900350,20191209/OKCUTA,2019-12-09,9:00 pm ET
game_0021900351,20191209/MEMGSW,2019-12-09,10:30 pm ET
game_0021900352,20191210/WASCHA,2019-12-10,7:00 pm ET
game_0021900353,20191210/DENPHI,2019-12-10,7:00 pm ET
game_0021900354,20191210/ATLMIA,2019-12-10,8:00 pm ET
game_0021900355,20191210/NYKPOR,2019-12-10,10:00 pm ET
game_0021900356,20191211/HOUCLE,2019-12-11,7:00 pm ET
game_0021900357,20191211/BOSIND,2019-12-11,7:00 pm ET
game_0021900358,20191211/LALORL,2019-12-11,7:00 pm ET
game_0021900359,20191211/LACTOR,2019-12-11,7:00 pm ET
game_0021900360,20191211/CHABKN,2019-12-11,7:30 pm ET
game_0021900361,20191211/ATLCHI,2019-12-11,8:00 pm ET
game_0021900362,20191211/UTAMIN,2019-12-11,8:00 pm ET
game_0021900363,20191211/MEMPHX,2019-12-11,9:00 pm ET
game_0021900364,20191211/NOPMIL,2019-12-11,9:30 pm ET
game_0021900365,20191211/OKCSAC,2019-12-11,10:00 pm ET
game_0021900366,20191211/NYKGSW,2019-12-11,10:30 pm ET
game_0021900367,20191212/PHIBOS,2019-12-12,8:00 pm ET
game_0021900368,20191212/CLESAS,2019-12-12,8:30 pm ET
game_0021900369,20191212/DALDET,2019-12-12,9:00 pm ET
game_0021900370,20191212/PORDEN,2019-12-12,10:30 pm ET
game_0021900371,20191213/HOUORL,2019-12-13,7:00 pm ET
game_0021900372,20191213/NOPPHI,2019-12-13,7:00 pm ET
game_0021900373,20191213/INDATL,2019-12-13,7:30 pm ET
game_0021900374,20191213/LALMIA,2019-12-13,8:00 pm ET
game_0021900375,20191213/CHACHI,2019-12-13,8:00 pm ET
game_0021900376,20191213/MILMEM,2019-12-13,8:00 pm ET
game_0021900377,20191213/LACMIN,2019-12-13,8:00 pm ET
game_0021900378,20191213/NYKSAC,2019-12-13,10:00 pm ET
game_0021900379,20191213/GSWUTA,2019-12-13,10:30 pm ET
game_0021900380,20191214/SASPHX,2019-12-14,5:00 pm ET
game_0021900381,20191214/BKNTOR,2019-12-14,7:30 pm ET
game_0021900382,20191214/LACCHI,2019-12-14,8:00 pm ET
game_0021900383,20191214/WASMEM,2019-12-14,8:00 pm ET
game_0021900384,20191214/MIADAL,2019-12-14,8:30 pm ET
game_0021900385,20191214/CLEMIL,2019-12-14,8:30 pm ET
game_0021900386,20191214/DETHOU,2019-12-14,9:00 pm ET
game_0021900387,20191214/OKCDEN,2019-12-14,9:00 pm ET
game_0021900388,20191215/ORLNOP,2019-12-15,3:30 pm ET
game_0021900389,20191215/CHAIND,2019-12-15,5:00 pm ET
game_0021900390,20191215/LALATL,2019-12-15,6:00 pm ET
game_0021900391,20191215/PHIBKN,2019-12-15,6:00 pm ET
game_0021900392,20191215/NYKDEN,2019-12-15,8:00 pm ET
game_0021900393,20191215/SACGSW,2019-12-15,8:30 pm ET
game_0021900394,20191216/WASDET,2019-12-16,7:00 pm ET
game_0021900395,20191216/CLETOR,2019-12-16,7:30 pm ET
game_0021900396,20191216/SASHOU,2019-12-16,8:00 pm ET
game_0021900397,20191216/MIAMEM,2019-12-16,8:00 pm ET
game_0021900398,20191216/DALMIL,2019-12-16,8:00 pm ET
game_0021900399,20191216/CHIOKC,2019-12-16,8:00 pm ET
game_0021900400,20191216/PORPHX,2019-12-16,9:00 pm ET
game_0021900401,20191217/SACCHA,2019-12-17,7:00 pm ET
game_0021900402,20191217/LALIND,2019-12-17,7:00 pm ET
game_0021900403,20191217/ATLNYK,2019-12-17,7:30 pm ET
game_0021900404,20191217/BKNNOP,2019-12-17,8:00 pm ET
game_0021900405,20191217/ORLUTA,2019-12-17,9:00 pm ET
game_0021900406,20191217/PHXLAC,2019-12-17,10:30 pm ET
game_0021900407,20191218/CHACLE,2019-12-18,7:00 pm ET
game_0021900408,20191218/TORDET,2019-12-18,7:00 pm ET
game_0021900409,20191218/CHIWAS,2019-12-18,7:00 pm ET
game_0021900410,20191218/MIAPHI,2019-12-18,7:30 pm ET
game_0021900411,20191218/NOPMIN,2019-12-18,8:00 pm ET
game_0021900412,20191218/MEMOKC,2019-12-18,8:00 pm ET
game_0021900413,20191218/BOSDAL,2019-12-18,8:30 pm ET
game_0021900414,20191218/ORLDEN,2019-12-18,9:00 pm ET
game_0021900415,20191218/GSWPOR,2019-12-18,10:00 pm ET
game_0021900416,20191219/UTAATL,2019-12-19,7:30 pm ET
game_0021900417,20191219/LALMIL,2019-12-19,8:00 pm ET
game_0021900418,20191219/BKNSAS,2019-12-19,8:30 pm ET
game_0021900419,20191219/HOULAC,2019-12-19,10:30 pm ET
game_0021900420,20191220/MEMCLE,2019-12-20,7:00 pm ET
game_0021900421,20191220/SACIND,2019-12-20,7:00 pm ET
game_0021900422,20191220/DETBOS,2019-12-20,7:30 pm ET
game_0021900423,20191220/WASTOR,2019-12-20,7:30 pm ET
game_0021900424,20191220/NYKMIA,2019-12-20,8:00 pm ET
game_0021900425,20191220/DALPHI,2019-12-20,8:00 pm ET
game_0021900426,20191220/PHXOKC,2019-12-20,8:00 pm ET
game_0021900427,20191220/MINDEN,2019-12-20,9:00 pm ET
game_0021900428,20191220/ORLPOR,2019-12-20,10:00 pm ET
game_0021900429,20191220/NOPGSW,2019-12-20,10:30 pm ET
game_0021900430,20191221/UTACHA,2019-12-21,5:00 pm ET
game_0021900431,20191221/ATLBKN,2019-12-21,6:00 pm ET
game_0021900432,20191221/CHIDET,2019-12-21,7:00 pm ET
game_0021900433,20191221/WASPHI,2019-12-21,7:00 pm ET
game_0021900434,20191221/MILNYK,2019-12-21,7:30 pm ET
game_0021900435,20191221/SACMEM,2019-12-21,8:00 pm ET
game_0021900436,20191221/LACSAS,2019-12-21,8:30 pm ET
game_0021900437,20191221/HOUPHX,2019-12-21,9:00 pm ET
game_0021900438,20191221/MINPOR,2019-12-21,10:00 pm ET
game_0021900439,20191222/DALTOR,2019-12-22,3:30 pm ET
game_0021900440,20191222/CHABOS,2019-12-22,6:00 pm ET
game_0021900441,20191222/INDMIL,2019-12-22,7:00 pm ET
game_0021900442,20191222/LACOKC,2019-12-22,7:00 pm ET
game_0021900443,20191222/DENLAL,2019-12-22,9:30 pm ET
game_0021900444,20191223/ATLCLE,2019-12-23,7:00 pm ET
game_0021900445,20191223/PHIDET,2019-12-23,7:00 pm ET
game_0021900446,20191223/TORIND,2019-12-23,7:00 pm ET
game_0021900447,20191223/WASNYK,2019-12-23,7:00 pm ET
game_0021900448,20191223/CHIORL,2019-12-23,7:00 pm ET
game_0021900449,20191223/UTAMIA,2019-12-23,7:30 pm ET
game_0021900450,20191223/SASMEM,2019-12-23,8:00 pm ET
game_0021900451,20191223/DENPHX,2019-12-23,9:00 pm ET
game_0021900452,20191223/NOPPOR,2019-12-23,10:00 pm ET
game_0021900453,20191223/HOUSAC,2019-12-23,10:00 pm ET
game_0021900454,20191223/MINGSW,2019-12-23,10:30 pm ET
game_0021900455,20191225/BOSTOR,2019-12-25,12:00 pm ET
game_0021900456,20191225/MILPHI,2019-12-25,2:30 pm ET
game_0021900457,20191225/HOUGSW,2019-12-25,5:00 pm ET
game_0021900458,20191225/LACLAL,2019-12-25,8:00 pm ET
game_0021900459,20191225/NOPDEN,2019-12-25,10:30 pm ET
game_0021900460,20191226/WASDET,2019-12-26,7:00 pm ET
game_0021900461,20191226/NYKBKN,2019-12-26,8:00 pm ET
game_0021900462,20191226/MEMOKC,2019-12-26,8:00 pm ET
game_0021900463,20191226/SASDAL,2019-12-26,8:30 pm ET
game_0021900464,20191226/MINSAC,2019-12-26,10:00 pm ET
game_0021900465,20191226/PORUTA,2019-12-26,10:30 pm ET
game_0021900466,20191227/CLEBOS,2019-12-27,4:00 pm ET
game_0021900467,20191227/OKCCHA,2019-12-27,7:00 pm ET
game_0021900468,20191227/PHIORL,2019-12-27,7:00 pm ET
game_0021900469,20191227/MILATL,2019-12-27,7:30 pm ET
game_0021900470,20191227/INDMIA,2019-12-27,8:00 pm ET
game_0021900471,20191227/PHXGSW,2019-12-27,10:30 pm ET
game_0021900472,20191228/MEMDEN,2019-12-28,5:00 pm ET
game_0021900473,20191228/TORBOS,2019-12-28,7:00 pm ET
game_0021900474,20191228/INDNOP,2019-12-28,7:00 pm ET
game_0021900475,20191228/PHIMIA,2019-12-28,8:00 pm ET
game_0021900476,20191228/NYKWAS,2019-12-28,8:00 pm ET
game_0021900477,20191228/ATLCHI,2019-12-28,8:00 pm ET
game_0021900478,20191228/BKNHOU,2019-12-28,8:00 pm ET
game_0021900479,20191228/CLEMIN,2019-12-28,8:00 pm ET
game_0021900480,20191228/ORLMIL,2019-12-28,8:30 pm ET
game_0021900481,20191228/DETSAS,2019-12-28,8:30 pm ET
game_0021900482,20191228/DALGSW,2019-12-28,8:30 pm ET
game_0021900483,20191228/PHXSAC,2019-12-28,9:00 pm ET
game_0021900484,20191228/LALPOR,2019-12-28,10:00 pm ET
game_0021900485,20191228/UTALAC,2019-12-28,10:30 pm ET
game_0021900486,20191229/OKCTOR,2019-12-29,6:00 pm ET
game_0021900487,20191229/CHAMEM,2019-12-29,8:00 pm ET
game_0021900488,20191229/HOUNOP,2019-12-29,8:00 pm ET
game_0021900489,20191229/SACDEN,2019-12-29,8:00 pm ET
game_0021900490,20191229/DALLAL,2019-12-29,9:30 pm ET
game_0021900491,20191230/ATLORL,2019-12-30,7:00 pm ET
game_0021900492,20191230/MIAWAS,2019-12-30,7:00 pm ET
game_0021900493,20191230/MILCHI,2019-12-30,8:00 pm ET
game_0021900494,20191230/BKNMIN,2019-12-30,8:00 pm ET
game_0021900495,20191230/DETUTA,2019-12-30,9:00 pm ET
game_0021900496,20191230/PHXPOR,2019-12-30,10:00 pm ET
game_0021900497,20191231/BOSCHA,2019-12-31,3:00 pm ET
game_0021900498,20191231/PHIIND,2019-12-31,3:00 pm ET
game_0021900499,20191231/LACSAC,2019-12-31,5:00 pm ET
game_0021900500,20191231/CLETOR,2019-12-31,7:00 pm ET
game_0021900501,20191231/DENHOU,2019-12-31,7:00 pm ET
game_0021900502,20191231/GSWSAS,2019-12-31,7:00 pm ET
game_0021900503,20191231/DALOKC,2019-12-31,8:00 pm ET
game_0021900504,20200101/ORLWAS,2020-01-01,6:00 pm ET
game_0021900505,20200101/PORNYK,2020-01-01,7:30 pm ET
game_0021900506,20200101/MINMIL,2020-01-01,8:00 pm ET
game_0021900507,20200101/PHXLAL,2020-01-01,10:30 pm ET
game_0021900508,20200102/CHACLE,2020-01-02,7:00 pm ET
game_0021900509,20200102/DENIND,2020-01-02,7:00 pm ET
game_0021900510,20200102/TORMIA,2020-01-02,7:30 pm ET
game_0021900511,20200102/UTACHI,2020-01-02,8:00 pm ET
game_0021900512,20200102/GSWMIN,2020-01-02,8:00 pm ET
game_0021900513,20200102/BKNDAL,2020-01-02,8:30 pm ET
game_0021900514,20200102/OKCSAS,2020-01-02,8:30 pm ET
game_0021900515,20200102/MEMSAC,2020-01-02,10:00 pm ET
game_0021900516,20200102/DETLAC,2020-01-02,10:30 pm ET
game_0021900517,20200103/ATLBOS,2020-01-03,7:00 pm ET
game_0021900518,20200103/MIAORL,2020-01-03,7:00 pm ET
game_0021900519,20200103/PORWAS,2020-01-03,7:00 pm ET
game_0021900520,20200103/PHIHOU,2020-01-03,8:00 pm ET
game_0021900521,20200103/NYKPHX,2020-01-03,9:00 pm ET
game_0021900522,20200103/NOPLAL,2020-01-03,10:30 pm ET
game_0021900523,20200104/MEMLAC,2020-01-04,3:30 pm ET
game_0021900524,20200104/TORBKN,2020-01-04,6:00 pm ET
game_0021900525,20200104/UTAORL,2020-01-04,7:00 pm ET
game_0021900526,20200104/INDATL,2020-01-04,7:30 pm ET
game_0021900527,20200104/OKCCLE,2020-01-04,7:30 pm ET
game_0021900528,20200104/DENWAS,2020-01-04,8:00 pm ET
game_0021900529,20200104/BOSCHI,2020-01-04,8:00 pm ET
game_0021900530,20200104/CHADAL,2020-01-04,8:30 pm ET
game_0021900531,20200104/SASMIL,2020-01-04,8:30 pm ET
game_0021900532,20200104/DETGSW,2020-01-04,8:30 pm ET
game_0021900533,20200104/NOPSAC,2020-01-04,10:00 pm ET
game_0021900534,20200105/NYKLAC,2020-01-05,3:30 pm ET
game_0021900535,20200105/PORMIA,2020-01-05,6:00 pm ET
game_0021900536,20200105/MINCLE,2020-01-05,7:30 pm ET
game_0021900537,20200105/MEMPHX,2020-01-05,8:00 pm ET
game_0021900538,20200105/DETLAL,2020-01-05,10:00 pm ET
game_0021900539,20200106/INDCHA,2020-01-06,7:00 pm ET
game_0021900540,20200106/BKNORL,2020-01-06,7:00 pm ET
game_0021900541,20200106/OKCPHI,2020-01-06,7:00 pm ET
game_0021900542,20200106/BOSWAS,2020-01-06,7:00 pm ET
game_0021900543,20200106/DENATL,2020-01-06,7:30 pm ET
game_0021900544,20200106/UTANOP,2020-01-06,8:00 pm ET
game_0021900545,20200106/CHIDAL,2020-01-06,8:30 pm ET
game_0021900546,20200106/MILSAS,2020-01-06,8:30 pm ET
game_0021900547,20200106/GSWSAC,2020-01-06,10:00 pm ET
game_0021900548,20200107/DETCLE,2020-01-07,7:00 pm ET
game_0021900549,20200107/PORTOR,2020-01-07,7:00 pm ET
game_0021900550,20200107/OKCBKN,2020-01-07,7:30 pm ET
game_0021900551,20200107/MINMEM,2020-01-07,8:00 pm ET
game_0021900552,20200107/SACPHX,2020-01-07,9:00 pm ET
game_0021900553,20200107/NYKLAL,2020-01-07,10:30 pm ET
game_0021900554,20200108/SASBOS,2020-01-08,7:00 pm ET
game_0021900555,20200108/TORCHA,2020-01-08,7:00 pm ET
game_0021900556,20200108/MIAIND,2020-01-08,7:00 pm ET
game_0021900557,20200108/WASORL,2020-01-08,7:00 pm ET
game_0021900558,20200108/HOUATL,2020-01-08,7:30 pm ET
game_0021900559,20200108/DENDAL,2020-01-08,7:30 pm ET
game_0021900560,20200108/CHINOP,2020-01-08,8:00 pm ET
game_0021900561,20200108/NYKUTA,2020-01-08,9:00 pm ET
game_0021900562,20200108/MILGSW,2020-01-08,10:00 pm ET
game_0021900563,20200109/CLEDET,2020-01-09,7:00 pm ET
game_0021900564,20200109/BOSPHI,2020-01-09,7:00 pm ET
game_0021900565,20200109/PORMIN,2020-01-09,8:00 pm ET
game_0021900566,20200109/HOUOKC,2020-01-09,9:30 pm ET
game_0021900567,20200110/ATLWAS,2020-01-10,7:00 pm ET
game_0021900568,20200110/MIABKN,2020-01-10,7:30 pm ET
game_0021900569,20200110/NOPNYK,2020-01-10,8:00 pm ET
game_0021900570,20200110/INDCHI,2020-01-10,8:00 pm ET
game_0021900571,20200110/SASMEM,2020-01-10,8:00 pm ET
game_0021900572,20200110/LALDAL,2020-01-10,8:30 pm ET
game_0021900573,20200110/ORLPHX,2020-01-10,9:00 pm ET
game_0021900574,20200110/CHAUTA,2020-01-10,9:00 pm ET
game_0021900575,20200110/MILSAC,2020-01-10,10:00 pm ET
game_0021900576,20200110/GSWLAC,2020-01-10,10:30 pm ET
game_0021900577,20200111/MINHOU,2020-01-11,5:00 pm ET
game_0021900578,20200111/NOPBOS,2020-01-11,7:00 pm ET
game_0021900579,20200111/CHIDET,2020-01-11,7:00 pm ET
game_0021900580,20200111/LALOKC,2020-01-11,8:00 pm ET
game_0021900581,20200111/PHIDAL,2020-01-11,8:30 pm ET
game_0021900582,20200111/CLEDEN,2020-01-11,9:00 pm ET
game_0021900583,20200111/MILPOR,2020-01-11,10:00 pm ET
game_0021900584,20200112/MIANYK,2020-01-12,3:30 pm ET
game_0021900585,20200112/UTAWAS,2020-01-12,3:30 pm ET
game_0021900586,20200112/ATLBKN,2020-01-12,6:00 pm ET
game_0021900587,20200112/SASTOR,2020-01-12,6:00 pm ET
game_0021900588,20200112/GSWMEM,2020-01-12,6:00 pm ET
game_0021900589,20200112/LACDEN,2020-01-12,8:00 pm ET
game_0021900590,20200112/CHAPHX,2020-01-12,8:00 pm ET
game_0021900591,20200113/NOPDET,2020-01-13,7:00 pm ET
game_0021900592,20200113/PHIIND,2020-01-13,7:00 pm ET
game_0021900593,20200113/CHIBOS,2020-01-13,7:30 pm ET
game_0021900594,20200113/OKCMIN,2020-01-13,8:00 pm ET
game_0021900595,20200113/CHAPOR,2020-01-13,10:00 pm ET
game_0021900596,20200113/ORLSAC,2020-01-13,10:00 pm ET
game_0021900597,20200113/CLELAL,2020-01-13,10:30 pm ET
game_0021900598,20200114/PHXATL,2020-01-14,7:30 pm ET
game_0021900599,20200114/UTABKN,2020-01-14,7:30 pm ET
game_0021900600,20200114/HOUMEM,2020-01-14,8:00 pm ET
game_0021900601,20200114/NYKMIL,2020-01-14,8:00 pm ET
game_0021900602,20200114/DALGSW,2020-01-14,10:30 pm ET
game_0021900603,20200114/CLELAC,2020-01-14,10:30 pm ET
game_0021900604,20200115/DETBOS,2020-01-15,7:00 pm ET
game_0021900605,20200115/BKNPHI,2020-01-15,7:00 pm ET
game_0021900606,20200115/SASMIA,2020-01-15,7:30 pm ET
game_0021900607,20200115/WASCHI,2020-01-15,8:00 pm ET
game_0021900608,20200115/INDMIN,2020-01-15,8:00 pm ET
game_0021900609,20200115/TOROKC,2020-01-15,8:00 pm ET
game_0021900610,20200115/CHADEN,2020-01-15,9:00 pm ET
game_0021900611,20200115/PORHOU,2020-01-15,9:30 pm ET
game_0021900612,20200115/DALSAC,2020-01-15,10:00 pm ET
game_0021900613,20200115/ORLLAL,2020-01-15,10:30 pm ET
game_0021900614,20200116/PHXNYK,2020-01-16,7:30 pm ET
game_0021900615,20200116/BOSMIL,2020-01-16,8:00 pm ET
game_0021900616,20200116/UTANOP,2020-01-16,8:00 pm ET
game_0021900617,20200116/DENGSW,2020-01-16,10:30 pm ET
game_0021900618,20200116/ORLLAC,2020-01-16,10:30 pm ET
game_0021900619,20200117/MININD,2020-01-17,7:00 pm ET
game_0021900620,20200117/CHIPHI,2020-01-17,7:00 pm ET
game_0021900621,20200117/WASTOR,2020-01-17,7:00 pm ET
game_0021900622,20200117/CLEMEM,2020-01-17,8:00 pm ET
game_0021900623,20200117/MIAOKC,2020-01-17,8:00 pm ET
game_0021900624,20200117/ATLSAS,2020-01-17,8:30 pm ET
game_0021900625,20200117/PORDAL,2020-01-17,9:30 pm ET
game_0021900626,20200118/LACNOP,2020-01-18,3:30 pm ET
game_0021900627,20200118/MILBKN,2020-01-18,6:00 pm ET
game_0021900628,20200118/PHXBOS,2020-01-18,7:00 pm ET
game_0021900629,20200118/DETATL,2020-01-18,7:30 pm ET
game_0021900630,20200118/PHINYK,2020-01-18,7:30 pm ET
game_0021900631,20200118/CLECHI,2020-01-18,8:00 pm ET
game_0021900632,20200118/TORMIN,2020-01-18,8:00 pm ET
game_0021900633,20200118/LALHOU,2020-01-18,8:30 pm ET
game_0021900634,20200118/ORLGSW,2020-01-18,8:30 pm ET
game_0021900635,20200118/POROKC,2020-01-18,9:00 pm ET
game_0021900636,20200118/SACUTA,2020-01-18,9:00 pm ET
game_0021900637,20200119/MIASAS,2020-01-19,3:00 pm ET
game_0021900638,20200119/INDDEN,2020-01-19,8:00 pm ET
game_0021900639,20200120/DETWAS,2020-01-20,2:00 pm ET
game_0021900640,20200120/TORATL,2020-01-20,2:30 pm ET
game_0021900641,20200120/PHIBKN,2020-01-20,3:00 pm ET
game_0021900642,20200120/ORLCHA,2020-01-20,5:00 pm ET
game_0021900643,20200120/NYKCLE,2020-01-20,5:00 pm ET
game_0021900644,20200120/SACMIA,2020-01-20,5:00 pm ET
game_0021900645,20200120/OKCHOU,2020-01-20,5:00 pm ET
game_0021900646,20200120/NOPMEM,2020-01-20,5:00 pm ET
game_0021900647,20200120/CHIMIL,2020-01-20,5:00 pm ET
game_0021900648,20200120/LALBOS,2020-01-20,7:30 pm ET
game_0021900649,20200120/DENMIN,2020-01-20,8:00 pm ET
game_0021900650,20200120/SASPHX,2020-01-20,9:00 pm ET
game_0021900651,20200120/INDUTA,2020-01-20,9:00 pm ET
game_0021900652,20200120/GSWPOR,2020-01-20,10:00 pm ET
game_0021900653,20200121/LACDAL,2020-01-21,8:30 pm ET
game_0021900654,20200122/SACDET,2020-01-22,7:00 pm ET
game_0021900655,20200122/OKCORL,2020-01-22,7:00 pm ET
game_0021900656,20200122/LACATL,2020-01-22,7:30 pm ET
game_0021900657,20200122/MEMBOS,2020-01-22,7:30 pm ET
game_0021900658,20200122/WASMIA,2020-01-22,7:30 pm ET
game_0021900659,20200122/LALNYK,2020-01-22,7:30 pm ET
game_0021900660,20200122/PHITOR,2020-01-22,7:30 pm ET
game_0021900661,20200122/MINCHI,2020-01-22,8:00 pm ET
game_0021900662,20200122/DENHOU,2020-01-22,8:00 pm ET
game_0021900663,20200122/SASNOP,2020-01-22,8:00 pm ET
game_0021900664,20200122/INDPHX,2020-01-22,9:00 pm ET
game_0021900665,20200122/UTAGSW,2020-01-22,10:00 pm ET
game_0021900666,20200123/WASCLE,2020-01-23,7:00 pm ET
game_0021900667,20200123/LALBKN,2020-01-23,8:00 pm ET
game_0021900668,20200123/DALPOR,2020-01-23,10:30 pm ET
game_0021900669,20200124/MILCHA,2020-01-24,3:00 pm ET
game_0021900670,20200124/MEMDET,2020-01-24,7:00 pm ET
game_0021900671,20200124/BOSORL,2020-01-24,7:00 pm ET
game_0021900672,20200124/TORNYK,2020-01-24,7:30 pm ET
game_0021900673,20200124/LACMIA,2020-01-24,8:00 pm ET
game_0021900674,20200124/SACCHI,2020-01-24,8:00 pm ET
game_0021900675,20200124/HOUMIN,2020-01-24,8:00 pm ET
game_0021900676,20200124/DENNOP,2020-01-24,8:00 pm ET
game_0021900677,20200124/ATLOKC,2020-01-24,8:00 pm ET
game_0021900678,20200124/PHXSAS,2020-01-24,8:30 pm ET
game_0021900679,20200124/INDGSW,2020-01-24,10:30 pm ET
game_0021900680,20200125/DALUTA,2020-01-25,5:00 pm ET
game_0021900681,20200125/BKNDET,2020-01-25,7:00 pm ET
game_0021900682,20200125/CHICLE,2020-01-25,8:00 pm ET
game_0021900683,20200125/OKCMIN,2020-01-25,8:00 pm ET
game_0021900684,20200125/LALPHI,2020-01-25,8:30 pm ET
game_0021900685,20200126/HOUDEN,2020-01-26,3:30 pm ET
game_0021900686,20200126/TORSAS,2020-01-26,4:00 pm ET
game_0021900687,20200126/WASATL,2020-01-26,6:00 pm ET
game_0021900688,20200126/BKNNYK,2020-01-26,6:00 pm ET
game_0021900689,20200126/LACORL,2020-01-26,6:00 pm ET
game_0021900690,20200126/PHXMEM,2020-01-26,6:00 pm ET
game_0021900691,20200126/BOSNOP,2020-01-26,6:00 pm ET
game_0021900692,20200126/INDPOR,2020-01-26,9:00 pm ET
game_0021900693,20200127/CLEDET,2020-01-27,7:00 pm ET
game_0021900694,20200127/ORLMIA,2020-01-27,7:30 pm ET
game_0021900695,20200127/SASCHI,2020-01-27,8:00 pm ET
game_0021900696,20200127/SACMIN,2020-01-27,8:00 pm ET
game_0021900697,20200127/DALOKC,2020-01-27,8:00 pm ET
game_0021900698,20200127/HOUUTA,2020-01-27,9:00 pm ET
game_0021900699,20200128/NYKCHA,2020-01-28,7:00 pm ET
game_0021900700,20200128/NOPCLE,2020-01-28,7:30 pm ET
game_0021900701,20200128/BOSMIA,2020-01-28,7:30 pm ET
game_0021900702,20200128/GSWPHI,2020-01-28,7:30 pm ET
game_0021900703,20200128/ATLTOR,2020-01-28,7:30 pm ET
game_0021900704,20200128/DENMEM,2020-01-28,8:00 pm ET
game_0021900705,20200128/WASMIL,2020-01-28,8:00 pm ET
game_0021900706,20200128/PHXDAL,2020-01-28,8:30 pm ET
game_0021900707,20200128/LACLAL,2020-01-28,10:00 pm ET
game_0021900708,20200129/CHIIND,2020-01-29,7:00 pm ET
game_0021900709,20200129/DETBKN,2020-01-29,7:30 pm ET
game_0021900710,20200129/MEMNYK,2020-01-29,7:30 pm ET
game_0021900711,20200129/UTASAS,2020-01-29,8:30 pm ET
game_0021900712,20200129/HOUPOR,2020-01-29,10:00 pm ET
game_0021900713,20200129/OKCSAC,2020-01-29,10:00 pm ET
game_0021900714,20200130/TORCLE,2020-01-30,7:00 pm ET
game_0021900715,20200130/CHAWAS,2020-01-30,7:00 pm ET
game_0021900716,20200130/PHIATL,2020-01-30,7:30 pm ET
game_0021900717,20200130/GSWBOS,2020-01-30,8:00 pm ET
game_0021900718,20200130/UTADEN,2020-01-30,10:30 pm ET
game_0021900719,20200130/SACLAC,2020-01-30,10:30 pm ET
game_0021900720,20200131/TORDET,2020-01-31,7:00 pm ET
game_0021900721,20200131/CHIBKN,2020-01-31,7:30 pm ET
game_0021900722,20200131/DALHOU,2020-01-31,8:00 pm ET
game_0021900723,20200131/MEMNOP,2020-01-31,8:00 pm ET
game_0021900724,20200131/DENMIL,2020-01-31,9:00 pm ET
game_0021900725,20200131/OKCPHX,2020-01-31,9:00 pm ET
game_0021900726,20200131/PORLAL,2020-01-31,10:30 pm ET
game_0021900727,20200201/MINLAC,2020-02-01,3:30 pm ET
game_0021900728,20200201/NYKIND,2020-02-01,7:00 pm ET
game_0021900729,20200201/MIAORL,2020-02-01,7:00 pm ET
game_0021900730,20200201/GSWCLE,2020-02-01,8:00 pm ET
game_0021900731,20200201/BKNWAS,2020-02-01,8:00 pm ET
game_0021900732,20200201/PHIBOS,2020-02-01,8:30 pm ET
game_0021900733,20200201/ATLDAL,2020-02-01,8:30 pm ET
game_0021900734,20200201/CHASAS,2020-02-01,9:00 pm ET
game_0021900735,20200201/UTAPOR,2020-02-01,10:00 pm ET
game_0021900736,20200201/LALSAC,2020-02-01,10:00 pm ET
game_0021900737,20200202/DENDET,2020-02-02,12:30 pm ET
game_0021900738,20200202/NOPHOU,2020-02-02,2:00 pm ET
game_0021900739,20200202/PHXMIL,2020-02-02,2:00 pm ET
game_0021900740,20200202/CHITOR,2020-02-02,3:00 pm ET
game_0021900741,20200203/ORLCHA,2020-02-03,7:00 pm ET
game_0021900742,20200203/NYKCLE,2020-02-03,7:00 pm ET
game_0021900743,20200203/DALIND,2020-02-03,7:00 pm ET
game_0021900744,20200203/GSWWAS,2020-02-03,7:00 pm ET
game_0021900745,20200203/BOSATL,2020-02-03,7:30 pm ET
game_0021900746,20200203/PHXBKN,2020-02-03,7:30 pm ET
game_0021900747,20200203/PHIMIA,2020-02-03,7:30 pm ET
game_0021900748,20200203/DETMEM,2020-02-03,8:00 pm ET
game_0021900749,20200203/MINSAC,2020-02-03,10:00 pm ET
game_0021900750,20200203/SASLAC,2020-02-03,10:30 pm ET
game_0021900751,20200204/MILNOP,2020-02-04,7:30 pm ET
game_0021900752,20200204/CHAHOU,2020-02-04,8:00 pm ET
game_0021900753,20200204/PORDEN,2020-02-04,10:00 pm ET
game_0021900754,20200204/SASLAL,2020-02-04,10:30 pm ET
game_0021900755,20200205/PHXDET,2020-02-05,7:00 pm ET
game_0021900756,20200205/ORLBOS,2020-02-05,7:30 pm ET
game_0021900757,20200205/GSWBKN,2020-02-05,7:30 pm ET
game_0021900758,20200205/INDTOR,2020-02-05,7:30 pm ET
game_0021900759,20200205/ATLMIN,2020-02-05,8:00 pm ET
game_0021900760,20200205/CLEOKC,2020-02-05,8:00 pm ET
game_0021900761,20200205/MEMDAL,2020-02-05,8:30 pm ET
game_0021900762,20200205/DENUTA,2020-02-05,10:00 pm ET
game_0021900763,20200205/MIALAC,2020-02-05,10:30 pm ET
game_0021900764,20200206/ORLNYK,2020-02-06,7:30 pm ET
game_0021900765,20200206/NOPCHI,2020-02-06,8:00 pm ET
game_0021900766,20200206/PHIMIL,2020-02-06,8:00 pm ET
game_0021900767,20200206/SASPOR,2020-02-06,10:00 pm ET
game_0021900768,20200206/HOULAL,2020-02-06,10:30 pm ET
game_0021900769,20200207/MEMPHI,2020-02-07,7:00 pm ET
game_0021900770,20200207/DALWAS,2020-02-07,7:00 pm ET
game_0021900771,20200207/ATLBOS,2020-02-07,7:30 pm ET
game_0021900772,20200207/TORIND,2020-02-07,8:00 pm ET
game_0021900773,20200207/DETOKC,2020-02-07,8:00 pm ET
game_0021900774,20200207/HOUPHX,2020-02-07,9:00 pm ET
game_0021900775,20200207/MIASAC,2020-02-07,10:00 pm ET
game_0021900776,20200207/PORUTA,2020-02-07,10:30 pm ET
game_0021900777,20200208/MILORL,2020-02-08,5:00 pm ET
game_0021900778,20200208/DALCHA,2020-02-08,7:00 pm ET
game_0021900779,20200208/NYKDET,2020-02-08,7:00 pm ET
game_0021900780,20200208/NOPIND,2020-02-08,7:30 pm ET
game_0021900781,20200208/BKNTOR,2020-02-08,7:30 pm ET
game_0021900782,20200208/LACMIN,2020-02-08,8:00 pm ET
game_0021900783,20200208/LALGSW,2020-02-08,8:30 pm ET
game_0021900784,20200208/DENPHX,2020-02-08,9:00 pm ET
game_0021900785,20200208/SASSAC,2020-02-08,10:00 pm ET
game_0021900786,20200209/BOSOKC,2020-02-09,3:30 pm ET
game_0021900787,20200209/NYKATL,2020-02-09,6:00 pm ET
game_0021900788,20200209/CHIPHI,2020-02-09,6:00 pm ET
game_0021900789,20200209/MEMWAS,2020-02-09,6:00 pm ET
game_0021900790,20200209/UTAHOU,2020-02-09,7:00 pm ET
game_0021900791,20200209/LACCLE,2020-02-09,7:30 pm ET
game_0021900792,20200209/MIAPOR,2020-02-09,9:00 pm ET
game_0021900793,20200210/CHADET,2020-02-10,7:00 pm ET
game_0021900794,20200210/BKNIND,2020-02-10,7:00 pm ET
game_0021900795,20200210/ATLORL,2020-02-10,7:00 pm ET
game_0021900796,20200210/MINTOR,2020-02-10,7:30 pm ET
game_0021900797,20200210/SACMIL,2020-02-10,8:00 pm ET
game_0021900798,20200210/UTADAL,2020-02-10,8:30 pm ET
game_0021900799,20200210/SASDEN,2020-02-10,9:00 pm ET
game_0021900800,20200210/MIAGSW,2020-02-10,10:30 pm ET
game_0021900801,20200210/PHXLAL,2020-02-10,10:30 pm ET
game_0021900802,20200211/LACPHI,2020-02-11,7:00 pm ET
game_0021900803,20200211/CHIWAS,2020-02-11,7:00 pm ET
game_0021900804,20200211/PORNOP,2020-02-11,8:00 pm ET
game_0021900805,20200211/SASOKC,2020-02-11,8:00 pm ET
game_0021900806,20200211/BOSHOU,2020-02-11,9:30 pm ET
game_0021900807,20200212/ATLCLE,2020-02-12,7:00 pm ET
game_0021900808,20200212/DETORL,2020-02-12,7:00 pm ET
game_0021900809,20200212/TORBKN,2020-02-12,7:30 pm ET
game_0021900810,20200212/MILIND,2020-02-12,7:30 pm ET
game_0021900811,20200212/WASNYK,2020-02-12,7:30 pm ET
game_0021900812,20200212/PORMEM,2020-02-12,8:00 pm ET
game_0021900813,20200212/CHAMIN,2020-02-12,8:00 pm ET
game_0021900814,20200212/SACDAL,2020-02-12,8:30 pm ET
game_0021900815,20200212/GSWPHX,2020-02-12,9:00 pm ET
game_0021900816,20200212/MIAUTA,2020-02-12,9:00 pm ET
game_0021900817,20200212/LALDEN,2020-02-12,10:00 pm ET
game_0021900818,20200213/LACBOS,2020-02-13,8:00 pm ET
game_0021900819,20200213/OKCNOP,2020-02-13,8:00 pm ET
game_0021900820,20200220/MILDET,2020-02-20,7:00 pm ET
game_0021900821,20200220/MIAATL,2020-02-20,7:30 pm ET
game_0021900822,20200220/BKNPHI,2020-02-20,8:00 pm ET
game_0021900823,20200220/CHACHI,2020-02-20,8:00 pm ET
game_0021900824,20200220/MEMSAC,2020-02-20,10:00 pm ET
game_0021900825,20200220/HOUGSW,2020-02-20,10:30 pm ET
game_0021900826,20200221/DALORL,2020-02-21,7:00 pm ET
game_0021900827,20200221/CLEWAS,2020-02-21,7:00 pm ET
game_0021900828,20200221/INDNYK,2020-02-21,7:30 pm ET
game_0021900829,20200221/PHXTOR,2020-02-21,7:30 pm ET
game_0021900830,20200221/BOSMIN,2020-02-21,8:00 pm ET
game_0021900831,20200221/DENOKC,2020-02-21,8:00 pm ET
game_0021900832,20200221/SASUTA,2020-02-21,9:00 pm ET
game_0021900833,20200221/MEMLAL,2020-02-21,10:30 pm ET
game_0021900834,20200221/NOPPOR,2020-02-21,10:30 pm ET
game_0021900835,20200222/SACLAC,2020-02-22,3:30 pm ET
game_0021900836,20200222/BKNCHA,2020-02-22,7:00 pm ET
game_0021900837,20200222/DALATL,2020-02-22,7:30 pm ET
game_0021900838,20200222/CLEMIA,2020-02-22,8:00 pm ET
game_0021900839,20200222/PHXCHI,2020-02-22,8:00 pm ET
game_0021900840,20200222/PHIMIL,2020-02-22,8:30 pm ET
game_0021900841,20200222/HOUUTA,2020-02-22,9:00 pm ET
game_0021900842,20200223/BOSLAL,2020-02-23,3:30 pm ET
game_0021900843,20200223/INDTOR,2020-02-23,6:00 pm ET
game_0021900844,20200223/MINDEN,2020-02-23,6:00 pm ET
game_0021900845,20200223/WASCHI,2020-02-23,7:00 pm ET
game_0021900846,20200223/SASOKC,2020-02-23,7:00 pm ET
game_0021900847,20200223/NOPGSW,2020-02-23,8:30 pm ET
game_0021900848,20200223/DETPOR,2020-02-23,9:00 pm ET
game_0021900849,20200224/MIACLE,2020-02-24,7:00 pm ET
game_0021900850,20200224/ATLPHI,2020-02-24,7:00 pm ET
game_0021900851,20200224/MILWAS,2020-02-24,7:00 pm ET
game_0021900852,20200224/ORLBKN,2020-02-24,7:30 pm ET
game_0021900853,20200224/NYKHOU,2020-02-24,8:00 pm ET
game_0021900854,20200224/MINDAL,2020-02-24,8:30 pm ET
game_0021900855,20200224/PHXUTA,2020-02-24,9:00 pm ET
game_0021900856,20200224/MEMLAC,2020-02-24,10:30 pm ET
game_0021900857,20200225/CHAIND,2020-02-25,7:00 pm ET
game_0021900858,20200225/MILTOR,2020-02-25,7:30 pm ET
game_0021900859,20200225/OKCCHI,2020-02-25,8:00 pm ET
game_0021900860,20200225/DETDEN,2020-02-25,9:00 pm ET
game_0021900861,20200225/NOPLAL,2020-02-25,10:00 pm ET
game_0021900862,20200225/BOSPOR,2020-02-25,10:00 pm ET
game_0021900863,20200225/SACGSW,2020-02-25,10:30 pm ET
game_0021900864,20200226/NYKCHA,2020-02-26,7:00 pm ET
game_0021900865,20200226/PHICLE,2020-02-26,7:00 pm ET
game_0021900866,20200226/BKNWAS,2020-02-26,7:00 pm ET
game_0021900867,20200226/ORLATL,2020-02-26,7:30 pm ET
game_0021900868,20200226/MINMIA,2020-02-26,7:30 pm ET
game_0021900869,20200226/DALSAS,2020-02-26,7:30 pm ET
game_0021900870,20200226/MEMHOU,2020-02-26,8:00 pm ET
game_0021900871,20200226/LACPHX,2020-02-26,9:00 pm ET
game_0021900872,20200226/BOSUTA,2020-02-26,10:00 pm ET
game_0021900873,20200227/NYKPHI,2020-02-27,7:00 pm ET
game_0021900874,20200227/PORIND,2020-02-27,8:00 pm ET
game_0021900875,20200227/SACOKC,2020-02-27,8:00 pm ET
game_0021900876,20200227/LALGSW,2020-02-27,10:30 pm ET
game_0021900877,20200228/MINORL,2020-02-28,7:00 pm ET
game_0021900878,20200228/BKNATL,2020-02-28,7:30 pm ET
game_0021900879,20200228/CHATOR,2020-02-28,7:30 pm ET
game_0021900880,20200228/DALMIA,2020-02-28,8:00 pm ET
game_0021900881,20200228/SACMEM,2020-02-28,8:00 pm ET
game_0021900882,20200228/OKCMIL,2020-02-28,8:00 pm ET
game_0021900883,20200228/CLENOP,2020-02-28,8:00 pm ET
game_0021900884,20200228/DETPHX,2020-02-28,9:00 pm ET
game_0021900885,20200228/WASUTA,2020-02-28,9:00 pm ET
game_0021900886,20200228/DENLAC,2020-02-28,10:30 pm ET
game_0021900887,20200229/CHINYK,2020-02-29,5:00 pm ET
game_0021900888,20200229/PORATL,2020-02-29,7:30 pm ET
game_0021900889,20200229/BKNMIA,2020-02-29,7:30 pm ET
game_0021900890,20200229/INDCLE,2020-02-29,8:00 pm ET
game_0021900891,20200229/LALMEM,2020-02-29,8:00 pm ET
game_0021900892,20200229/HOUBOS,2020-02-29,8:30 pm ET
game_0021900893,20200229/ORLSAS,2020-02-29,8:30 pm ET
game_0021900894,20200229/GSWPHX,2020-02-29,9:00 pm ET
game_0021900895,20200301/MILCHA,2020-03-01,1:00 pm ET
game_0021900896,20200301/DALMIN,2020-03-01,3:30 pm ET
game_0021900897,20200301/PHILAC,2020-03-01,3:30 pm ET
game_0021900898,20200301/TORDEN,2020-03-01,6:00 pm ET
game_0021900899,20200301/DETSAC,2020-03-01,6:00 pm ET
game_0021900900,20200301/LALNOP,2020-03-01,8:00 pm ET
game_0021900901,20200301/WASGSW,2020-03-01,8:30 pm ET
game_0021900902,20200302/UTACLE,2020-03-02,7:00 pm ET
game_0021900903,20200302/HOUNYK,2020-03-02,7:00 pm ET
game_0021900904,20200302/PORORL,2020-03-02,7:00 pm ET
game_0021900905,20200302/MEMATL,2020-03-02,7:30 pm ET
game_0021900906,20200302/MILMIA,2020-03-02,7:30 pm ET
game_0021900907,20200302/DALCHI,2020-03-02,8:00 pm ET
game_0021900908,20200302/INDSAS,2020-03-02,8:30 pm ET
game_0021900909,20200303/SASCHA,2020-03-03,7:00 pm ET
game_0021900910,20200303/BKNBOS,2020-03-03,7:30 pm ET
game_0021900911,20200303/MINNOP,2020-03-03,8:00 pm ET
game_0021900912,20200303/LACOKC,2020-03-03,8:00 pm ET
game_0021900913,20200303/GSWDEN,2020-03-03,9:00 pm ET
game_0021900914,20200303/TORPHX,2020-03-03,9:00 pm ET
game_0021900915,20200303/PHILAL,2020-03-03,10:00 pm ET
game_0021900916,20200303/WASSAC,2020-03-03,10:00 pm ET
game_0021900917,20200304/BOSCLE,2020-03-04,7:00 pm ET
game_0021900918,20200304/OKCDET,2020-03-04,7:00 pm ET
game_0021900919,20200304/ORLMIA,2020-03-04,7:00 pm ET
game_0021900920,20200304/MEMBKN,2020-03-04,7:30 pm ET
game_0021900921,20200304/UTANYK,2020-03-04,7:30 pm ET
game_0021900922,20200304/CHIMIN,2020-03-04,8:00 pm ET
game_0021900923,20200304/NOPDAL,2020-03-04,8:30 pm ET
game_0021900924,20200304/INDMIL,2020-03-04,9:30 pm ET
game_0021900925,20200304/WASPOR,2020-03-04,10:00 pm ET
game_0021900926,20200305/DENCHA,2020-03-05,7:00 pm ET
game_0021900927,20200305/LACHOU,2020-03-05,8:00 pm ET
game_0021900928,20200305/PHISAC,2020-03-05,10:00 pm ET
game_0021900929,20200305/TORGSW,2020-03-05,10:30 pm ET
game_0021900930,20200306/ATLWAS,2020-03-06,7:00 pm ET
game_0021900931,20200306/SASBKN,2020-03-06,7:30 pm ET
game_0021900932,20200306/OKCNYK,2020-03-06,7:30 pm ET
game_0021900933,20200306/UTABOS,2020-03-06,8:00 pm ET
game_0021900934,20200306/INDCHI,2020-03-06,8:00 pm ET
game_0021900935,20200306/ORLMIN,2020-03-06,8:00 pm ET
game_0021900936,20200306/MIANOP,2020-03-06,8:00 pm ET
game_0021900937,20200306/MEMDAL,2020-03-06,8:30 pm ET
game_0021900938,20200306/PORPHX,2020-03-06,9:00 pm ET
game_0021900939,20200306/MILLAL,2020-03-06,10:30 pm ET
game_0021900940,20200307/HOUCHA,2020-03-07,5:00 pm ET
game_0021900941,20200307/UTADET,2020-03-07,7:00 pm ET
game_0021900942,20200307/DENCLE,2020-03-07,7:30 pm ET
game_0021900943,20200307/ATLMEM,2020-03-07,8:00 pm ET
game_0021900944,20200307/PHIGSW,2020-03-07,8:30 pm ET
game_0021900945,20200307/SACPOR,2020-03-07,10:00 pm ET
game_0021900946,20200308/CHIBKN,2020-03-08,3:00 pm ET
game_0021900947,20200308/NOPMIN,2020-03-08,3:30 pm ET
game_0021900948,20200308/LALLAC,2020-03-08,3:30 pm ET
game_0021900949,20200308/OKCBOS,2020-03-08,6:00 pm ET
game_0021900950,20200308/MILPHX,2020-03-08,6:00 pm ET
game_0021900951,20200308/MIAWAS,2020-03-08,7:00 pm ET
game_0021900952,20200308/INDDAL,2020-03-08,7:00 pm ET
game_0021900953,20200308/ORLHOU,2020-03-08,7:00 pm ET
game_0021900954,20200308/SASCLE,2020-03-08,7:30 pm ET
game_0021900955,20200308/DETNYK,2020-03-08,7:30 pm ET
game_0021900956,20200308/TORSAC,2020-03-08,9:00 pm ET
game_0021900957,20200309/CHAATL,2020-03-09,7:30 pm ET
game_0021900958,20200309/MILDEN,2020-03-09,9:00 pm ET
game_0021900959,20200309/TORUTA,2020-03-09,9:00 pm ET
game_0021900960,20200310/BOSIND,2020-03-10,7:00 pm ET
game_0021900961,20200310/NYKWAS,2020-03-10,7:00 pm ET
game_0021900962,20200310/CLECHI,2020-03-10,8:00 pm ET
game_0021900963,20200310/MINHOU,2020-03-10,8:00 pm ET
game_0021900964,20200310/ORLMEM,2020-03-10,8:00 pm ET
game_0021900965,20200310/DALSAS,2020-03-10,8:00 pm ET
game_0021900966,20200310/PHXPOR,2020-03-10,10:00 pm ET
game_0021900967,20200310/LACGSW,2020-03-10,10:30 pm ET
game_0021900968,20200310/BKNLAL,2020-03-10,10:30 pm ET
game_0021900969,20200311/NYKATL,2020-03-11,7:30 pm ET
game_0021900970,20200311/CHAMIA,2020-03-11,7:30 pm ET
game_0021900971,20200311/DETPHI,2020-03-11,7:30 pm ET
game_0021900972,20200311/UTAOKC,2020-03-11,8:00 pm ET
game_0021900973,20200311/DENDAL,2020-03-11,8:30 pm ET
game_0021900974,20200311/NOPSAC,2020-03-11,10:00 pm ET
game_0021900975,20200312/CHIORL,2020-03-12,7:00 pm ET
game_0021900976,20200312/BOSMIL,2020-03-12,8:00 pm ET
game_0021900977,20200312/MEMPOR,2020-03-12,10:00 pm ET
game_0021900978,20200312/BKNGSW,2020-03-12,10:30 pm ET
game_0021900979,20200312/HOULAL,2020-03-12,10:30 pm ET
game_0021900980,20200313/CLECHA,2020-03-13,7:00 pm ET
game_0021900981,20200313/WASBOS,2020-03-13,7:30 pm ET
game_0021900982,20200313/NYKMIA,2020-03-13,8:00 pm ET
game_0021900983,20200313/MINOKC,2020-03-13,8:00 pm ET
game_0021900984,20200313/DENSAS,2020-03-13,8:30 pm ET
game_0021900985,20200313/NOPUTA,2020-03-13,9:00 pm ET
game_0021900986,20200313/BKNLAC,2020-03-13,10:30 pm ET
game_0021900987,20200314/PHXDAL,2020-03-14,2:00 pm ET
game_0021900988,20200314/CLEATL,2020-03-14,7:30 pm ET
game_0021900989,20200314/INDPHI,2020-03-14,7:30 pm ET
game_0021900990,20200314/DETTOR,2020-03-14,7:30 pm ET
game_0021900991,20200314/CHIMIA,2020-03-14,8:00 pm ET
game_0021900992,20200314/GSWMIL,2020-03-14,8:30 pm ET
game_0021900993,20200314/MINSAS,2020-03-14,8:30 pm ET
game_0021900994,20200314/MEMUTA,2020-03-14,9:00 pm ET
game_0021900995,20200314/NOPLAC,2020-03-14,10:30 pm ET
game_0021900996,20200315/HOUPOR,2020-03-15,3:30 pm ET
game_0021900997,20200315/CHAORL,2020-03-15,6:00 pm ET
game_0021900998,20200315/OKCWAS,2020-03-15,6:00 pm ET
game_0021900999,20200315/BOSCHI,2020-03-15,8:00 pm ET
game_0021901000,20200315/DENLAL,2020-03-15,9:00 pm ET
game_0021901001,20200315/BKNSAC,2020-03-15,9:00 pm ET
game_0021901002,20200316/WASPHI,2020-03-16,7:00 pm ET
game_0021901003,20200316/GSWTOR,2020-03-16,8:00 pm ET
game_0021901004,20200316/MIAMIL,2020-03-16,8:00 pm ET
game_0021901005,20200316/ATLNOP,2020-03-16,8:00 pm ET
game_0021901006,20200316/MEMSAS,2020-03-16,8:30 pm ET
game_0021901007,20200316/LALUTA,2020-03-16,9:00 pm ET
game_0021901008,20200316/DALLAC,2020-03-16,10:30 pm ET
game_0021901009,20200317/ORLDET,2020-03-17,7:00 pm ET
game_0021901010,20200317/CHANYK,2020-03-17,7:30 pm ET
game_0021901011,20200317/CLEHOU,2020-03-17,8:00 pm ET
game_0021901012,20200317/OKCMEM,2020-03-17,8:00 pm ET
game_0021901013,20200317/MINPOR,2020-03-17,10:00 pm ET
game_0021901014,20200317/DALSAC,2020-03-17,10:00 pm ET
game_0021901015,20200318/TORPHI,2020-03-18,7:00 pm ET
game_0021901016,20200318/OKCATL,2020-03-18,7:30 pm ET
game_0021901017,20200318/NYKBOS,2020-03-18,7:30 pm ET
game_0021901018,20200318/WASBKN,2020-03-18,7:30 pm ET
game_0021901019,20200318/GSWIND,2020-03-18,7:30 pm ET
game_0021901020,20200318/MIACHI,2020-03-18,8:00 pm ET
game_0021901021,20200318/SASNOP,2020-03-18,8:00 pm ET
game_0021901022,20200318/LACDEN,2020-03-18,9:00 pm ET
game_0021901023,20200318/UTALAL,2020-03-18,10:00 pm ET
game_0021901024,20200318/MINPHX,2020-03-18,10:00 pm ET
game_0021901025,20200319/PHICHA,2020-03-19,7:00 pm ET
game_0021901026,20200319/CLEORL,2020-03-19,7:00 pm ET
game_0021901027,20200319/SACHOU,2020-03-19,8:00 pm ET
game_0021901028,20200319/MEMMIL,2020-03-19,8:00 pm ET
game_0021901029,20200319/DALPOR,2020-03-19,10:00 pm ET
game_0021901030,20200320/GSWDET,2020-03-20,7:00 pm ET
game_0021901031,20200320/MIAIND,2020-03-20,7:00 pm ET
game_0021901032,20200320/WASATL,2020-03-20,7:30 pm ET
game_0021901033,20200320/BOSTOR,2020-03-20,7:30 pm ET
game_0021901034,20200320/DENOKC,2020-03-20,8:00 pm ET
game_0021901035,20200320/CHISAS,2020-03-20,8:30 pm ET
game_0021901036,20200320/MINUTA,2020-03-20,9:00 pm ET
game_0021901037,20200320/PHXLAC,2020-03-20,10:30 pm ET
game_0021901038,20200321/BOSBKN,2020-03-21,6:00 pm ET
game_0021901039,20200321/LALCHA,2020-03-21,7:00 pm ET
game_0021901040,20200321/CLEIND,2020-03-21,7:00 pm ET
game_0021901041,20200321/SACORL,2020-03-21,7:00 pm ET
game_0021901042,20200321/ATLPHI,2020-03-21,7:00 pm ET
game_0021901043,20200321/GSWNYK,2020-03-21,7:30 pm ET
game_0021901044,20200321/MILWAS,2020-03-21,8:00 pm ET
game_0021901045,20200321/CHIHOU,2020-03-21,8:00 pm ET
game_0021901046,20200321/NOPMEM,2020-03-21,8:00 pm ET
game_0021901047,20200321/DALPHX,2020-03-21,10:00 pm ET
game_0021901048,20200322/LALDET,2020-03-22,6:00 pm ET
game_0021901049,20200322/DENTOR,2020-03-22,6:00 pm ET
game_0021901050,20200322/PORMIN,2020-03-22,7:00 pm ET
game_0021901051,20200322/SACNOP,2020-03-22,7:00 pm ET
game_0021901052,20200322/UTASAS,2020-03-22,7:00 pm ET
game_0021901053,20200323/PHXIND,2020-03-23,7:00 pm ET
game_0021901054,20200323/LACNYK,2020-03-23,7:00 pm ET
game_0021901055,20200323/BOSWAS,2020-03-23,7:00 pm ET
game_0021901056,20200323/ORLBKN,2020-03-23,7:30 pm ET
game_0021901057,20200323/OKCMIA,2020-03-23,7:30 pm ET
game_0021901058,20200323/DENCHI,2020-03-23,8:00 pm ET
game_0021901059,20200323/DETMIL,2020-03-23,8:00 pm ET
game_0021901060,20200323/HOUDAL,2020-03-23,8:30 pm ET
game_0021901061,20200324/PORCHA,2020-03-24,7:00 pm ET
game_0021901062,20200324/SACCLE,2020-03-24,7:00 pm ET
game_0021901063,20200324/LALTOR,2020-03-24,7:30 pm ET
game_0021901064,20200324/PHIMIN,2020-03-24,8:00 pm ET
game_0021901065,20200324/MEMNOP,2020-03-24,8:00 pm ET
game_0021901066,20200324/SASUTA,2020-03-24,10:00 pm ET
game_0021901067,20200325/LACBKN,2020-03-25,7:00 pm ET
game_0021901068,20200325/PORDET,2020-03-25,7:00 pm ET
game_0021901069,20200325/INDORL,2020-03-25,7:00 pm ET
game_0021901070,20200325/PHXWAS,2020-03-25,7:00 pm ET
game_0021901071,20200325/DENMIA,2020-03-25,7:30 pm ET
game_0021901072,20200325/TORNYK,2020-03-25,7:30 pm ET
game_0021901073,20200325/BOSMEM,2020-03-25,8:00 pm ET
game_0021901074,20200325/HOUMIL,2020-03-25,9:30 pm ET
game_0021901075,20200325/ATLGSW,2020-03-25,10:30 pm ET
game_0021901076,20200326/LALCLE,2020-03-26,7:00 pm ET
game_0021901077,20200326/PHICHI,2020-03-26,8:00 pm ET
game_0021901078,20200326/SASMIN,2020-03-26,8:00 pm ET
game_0021901079,20200326/CHAOKC,2020-03-26,8:00 pm ET
game_0021901080,20200326/UTADAL,2020-03-26,8:30 pm ET
game_0021901081,20200326/ATLSAC,2020-03-26,10:00 pm ET
game_0021901082,20200327/LACDET,2020-03-27,7:00 pm ET
game_0021901083,20200327/HOUIND,2020-03-27,7:00 pm ET
game_0021901084,20200327/BKNORL,2020-03-27,7:00 pm ET
game_0021901085,20200327/PHXPHI,2020-03-27,7:00 pm ET
game_0021901086,20200327/PORBOS,2020-03-27,7:30 pm ET
game_0021901087,20200327/NYKNOP,2020-03-27,8:00 pm ET
game_0021901088,20200327/WASMIL,2020-03-27,8:30 pm ET
game_0021901089,20200327/SASDEN,2020-03-27,9:00 pm ET
game_0021901090,20200328/CLEBKN,2020-03-28,6:00 pm ET
game_0021901091,20200328/LACCHA,2020-03-28,7:00 pm ET
game_0021901092,20200328/PHXMIA,2020-03-28,8:00 pm ET
game_0021901093,20200328/LALWAS,2020-03-28,8:00 pm ET
game_0021901094,20200328/NYKCHI,2020-03-28,8:00 pm ET
game_0021901095,20200328/TORMEM,2020-03-28,8:00 pm ET
game_0021901096,20200328/OKCGSW,2020-03-28,8:30 pm ET
game_0021901097,20200328/ATLUTA,2020-03-28,9:00 pm ET
game_0021901098,20200329/MILDAL,2020-03-29,3:00 pm ET
game_0021901099,20200329/HOUDET,2020-03-29,5:00 pm ET
game_0021901100,20200329/MINBOS,2020-03-29,6:00 pm ET
game_0021901101,20200329/NOPORL,2020-03-29,6:00 pm ET
game_0021901102,20200329/PORPHI,2020-03-29,7:30 pm ET
game_0021901103,20200329/SASGSW,2020-03-29,8:30 pm ET
game_0021901104,20200329/INDSAC,2020-03-29,9:00 pm ET
game_0021901105,20200330/MIACHA,2020-03-30,7:00 pm ET
game_0021901106,20200330/PHXCLE,2020-03-30,7:00 pm ET
game_0021901107,20200330/PORBKN,2020-03-30,7:30 pm ET
game_0021901108,20200330/MEMTOR,2020-03-30,7:30 pm ET
game_0021901109,20200330/LALMIN,2020-03-30,8:00 pm ET
game_0021901110,20200330/OKCDEN,2020-03-30,9:00 pm ET
game_0021901111,20200330/CHIUTA,2020-03-30,9:00 pm ET
game_0021901112,20200330/INDLAC,2020-03-30,10:30 pm ET
game_0021901113,20200331/NOPATL,2020-03-31,7:30 pm ET
game_0021901114,20200331/HOUPHI,2020-03-31,7:30 pm ET
game_0021901115,20200331/DENGSW,2020-03-31,10:00 pm ET
game_0021901116,20200331/SASSAC,2020-03-31,10:00 pm ET
game_0021901117,20200401/CHAORL,2020-04-01,7:00 pm ET
game_0021901118,20200401/NOPWAS,2020-04-01,7:00 pm ET
game_0021901119,20200401/MIABOS,2020-04-01,7:30 pm ET
game_0021901120,20200401/DETBKN,2020-04-01,7:30 pm ET
game_0021901121,20200401/NYKMEM,2020-04-01,8:00 pm ET
game_0021901122,20200401/DALMIN,2020-04-01,8:00 pm ET
game_0021901123,20200401/PHXOKC,2020-04-01,8:00 pm ET
game_0021901124,20200401/TORMIL,2020-04-01,9:00 pm ET
game_0021901125,20200401/CLEUTA,2020-04-01,9:00 pm ET
game_0021901126,20200401/INDLAL,2020-04-01,10:30 pm ET
game_0021901127,20200402/GSWHOU,2020-04-02,8:00 pm ET
game_0021901128,20200402/LACSAC,2020-04-02,10:00 pm ET
game_0021901129,20200402/UTAPOR,2020-04-02,10:30 pm ET
game_0021901130,20200403/MIADET,2020-04-03,7:00 pm ET
game_0021901131,20200403/BKNIND,2020-04-03,7:00 pm ET
game_0021901132,20200403/PHIWAS,2020-04-03,7:00 pm ET
game_0021901133,20200403/CHAATL,2020-04-03,7:30 pm ET
game_0021901134,20200403/ORLBOS,2020-04-03,7:30 pm ET
game_0021901135,20200403/MINNYK,2020-04-03,7:30 pm ET
game_0021901136,20200403/MILTOR,2020-04-03,7:30 pm ET
game_0021901137,20200403/DALMEM,2020-04-03,8:00 pm ET
game_0021901138,20200403/GSWSAS,2020-04-03,8:30 pm ET
game_0021901139,20200403/CHIDEN,2020-04-03,9:00 pm ET
game_0021901140,20200403/CLEPHX,2020-04-03,10:00 pm ET
game_0021901141,20200404/OKCLAC,2020-04-04,3:30 pm ET
game_0021901142,20200404/LALSAC,2020-04-04,10:00 pm ET
game_0021901143,20200405/ATLCHA,2020-04-05,1:00 pm ET
game_0021901144,20200405/ORLPHI,2020-04-05,1:00 pm ET
game_0021901145,20200405/MILBOS,2020-04-05,3:30 pm ET
game_0021901146,20200405/WASIND,2020-04-05,5:00 pm ET
game_0021901147,20200405/MIANYK,2020-04-05,5:00 pm ET
game_0021901148,20200405/DALBKN,2020-04-05,6:00 pm ET
game_0021901149,20200405/UTADEN,2020-04-05,6:00 pm ET
game_0021901150,20200405/CHIPHX,2020-04-05,6:00 pm ET
game_0021901151,20200405/TORHOU,2020-04-05,7:00 pm ET
game_0021901152,20200405/DETMIN,2020-04-05,7:00 pm ET
game_0021901153,20200405/NOPSAS,2020-04-05,7:00 pm ET
game_0021901154,20200405/MEMPOR,2020-04-05,9:00 pm ET
game_0021901155,20200405/CLESAC,2020-04-05,9:00 pm ET
game_0021901156,20200405/OKCLAL,2020-04-05,9:30 pm ET
game_0021901157,20200407/TORWAS,2020-04-07,7:00 pm ET
game_0021901158,20200407/DETATL,2020-04-07,7:30 pm ET
game_0021901159,20200407/INDMIA,2020-04-07,7:30 pm ET
game_0021901160,20200407/MILPHI,2020-04-07,7:30 pm ET
game_0021901161,20200407/PHXMIN,2020-04-07,8:00 pm ET
game_0021901162,20200407/CHANOP,2020-04-07,8:00 pm ET
game_0021901163,20200407/BKNOKC,2020-04-07,8:00 pm ET
game_0021901164,20200407/HOUDAL,2020-04-07,8:30 pm ET
game_0021901165,20200407/SACSAS,2020-04-07,8:30 pm ET
game_0021901166,20200407/MEMDEN,2020-04-07,9:00 pm ET
game_0021901167,20200407/LACUTA,2020-04-07,10:00 pm ET
game_0021901168,20200407/CLEPOR,2020-04-07,10:00 pm ET
game_0021901169,20200407/CHILAL,2020-04-07,10:30 pm ET
game_0021901170,20200408/INDBOS,2020-04-08,7:00 pm ET
game_0021901171,20200408/TORCHA,2020-04-08,7:00 pm ET
game_0021901172,20200408/ORLNYK,2020-04-08,7:30 pm ET
game_0021901173,20200408/SASHOU,2020-04-08,9:30 pm ET
game_0021901174,20200408/CLEGSW,2020-04-08,10:30 pm ET
game_0021901175,20200408/CHILAC,2020-04-08,10:30 pm ET
game_0021901176,20200409/DETMIA,2020-04-09,7:30 pm ET
game_0021901177,20200409/BKNMIL,2020-04-09,8:00 pm ET
game_0021901178,20200409/SACMIN,2020-04-09,8:00 pm ET
game_0021901179,20200409/PHXNOP,2020-04-09,8:00 pm ET
game_0021901180,20200409/DENPOR,2020-04-09,10:00 pm ET
game_0021901181,20200409/GSWLAL,2020-04-09,10:30 pm ET
game_0021901182,20200410/BOSORL,2020-04-10,7:00 pm ET
game_0021901183,20200410/ATLTOR,2020-04-10,7:30 pm ET
game_0021901184,20200410/WASHOU,2020-04-10,8:00 pm ET
game_0021901185,20200410/NYKOKC,2020-04-10,8:00 pm ET
game_0021901186,20200410/PHISAS,2020-04-10,8:30 pm ET
game_0021901187,20200411/DETDAL,2020-04-11,3:00 pm ET
game_0021901188,20200411/WASCHA,2020-04-11,7:00 pm ET
game_0021901189,20200411/ORLIND,2020-04-11,7:00 pm ET
game_0021901190,20200411/PHINOP,2020-04-11,7:00 pm ET
game_0021901191,20200411/MILCLE,2020-04-11,7:30 pm ET
game_0021901192,20200411/BOSMIA,2020-04-11,8:00 pm ET
game_0021901193,20200411/BKNCHI,2020-04-11,8:00 pm ET
game_0021901194,20200411/OKCMEM,2020-04-11,8:00 pm ET
game_0021901195,20200411/GSWLAC,2020-04-11,8:30 pm ET
game_0021901196,20200411/SACDEN,2020-04-11,9:00 pm ET
game_0021901197,20200411/UTAPHX,2020-04-11,10:00 pm ET
game_0021901198,20200412/HOUSAS,2020-04-12,3:30 pm ET
game_0021901199,20200412/NYKTOR,2020-04-12,6:00 pm ET
game_0021901200,20200412/ATLMIL,2020-04-12,7:00 pm ET
game_0021901201,20200412/MINLAL,2020-04-12,9:30 pm ET
game_0021901202,20200413/MIACHA,2020-04-13,7:00 pm ET
game_0021901203,20200413/BKNCLE,2020-04-13,7:00 pm ET
game_0021901204,20200413/BOSDET,2020-04-13,7:00 pm ET
game_0021901205,20200413/SASIND,2020-04-13,7:00 pm ET
game_0021901206,20200413/ORLCHI,2020-04-13,8:00 pm ET
game_0021901207,20200413/PHXHOU,2020-04-13,8:00 pm ET
game_0021901208,20200413/PHIMEM,2020-04-13,8:00 pm ET
game_0021901209,20200413/WASNOP,2020-04-13,8:00 pm ET
game_0021901210,20200413/UTAOKC,2020-04-13,8:00 pm ET
game_0021901211,20200413/DALDEN,2020-04-13,9:00 pm ET
game_0021901212,20200413/PORGSW,2020-04-13,10:30 pm ET
game_0021901213,20200413/MINLAC,2020-04-13,10:30 pm ET
game_0021901214,20200414/TORMIA,2020-04-14,7:30 pm ET
game_0021901215,20200414/DETNYK,2020-04-14,7:30 pm ET
game_0021901216,20200414/DENUTA,2020-04-14,10:00 pm ET
game_0021901217,20200414/SACLAL,2020-04-14,10:30 pm ET
game_0021901218,20200415/CLEATL,2020-04-15,7:30 pm ET
game_0021901219,20200415/CHIBOS,2020-04-15,7:30 pm ET
game_0021901220,20200415/MILBKN,2020-04-15,7:30 pm ET
game_0021901221,20200415/TORORL,2020-04-15,7:30 pm ET
game_0021901222,20200415/CHAPHI,2020-04-15,7:30 pm ET
game_0021901223,20200415/INDWAS,2020-04-15,7:30 pm ET
game_0021901224,20200415/OKCDAL,2020-04-15,7:30 pm ET
game_0021901225,20200415/MEMHOU,2020-04-15,7:30 pm ET
game_0021901226,20200415/NYKMIN,2020-04-15,7:30 pm ET
game_0021901227,20200415/NOPSAS,2020-04-15,7:30 pm ET
game_0021901228,20200415/LALPHX,2020-04-15,10:00 pm ET
game_0021901229,20200415/LACPOR,2020-04-15,10:00 pm ET
game_0021901230,20200415/GSWSAC,2020-04-15,10:00 pm ET
